Date,Sales,Is_Holiday,Promotion
2021-01-01,424.85052372965004,0,0
2021-01-02,543.3288602239603,0,0
2021-01-03,582.883375989167,0,0
2021-01-04,476.93690835921257,0,0
2021-01-05,532.0320358693409,0,1
2021-01-06,441.651756386815,0,1
2021-01-07,480.7826606685352,0,0
2021-01-08,538.2825455716345,0,1
2021-01-09,529.1865369888022,0,0
2021-01-10,699.0235339551577,0,1
2021-01-11,380.44470833747624,0,0
2021-01-12,380.850473246185,0,0
2021-01-13,416.78544463046154,0,0
2021-01-14,309.6025822131844,0,0
2021-01-15,319.6287420046798,0,0
2021-01-16,528.3969461398857,0,0
2021-01-17,506.53497085161405,0,0
2021-01-18,423.58247011705305,0,0
2021-01-19,363.1906973331509,0,0
2021-01-20,338.7265749552597,0,0
2021-01-21,605.6726464143846,0,1
2021-01-22,399.6361663216446,0,0
2021-01-23,565.1343931931262,0,0
2021-01-24,491.38091506186714,0,0
2021-01-25,505.53991174926006,0,1
2021-01-26,419.96634498455353,0,0
2021-01-27,357.81166074569774,0,0
2021-01-28,498.5573663299105,0,1
2021-01-29,467.2304458528575,0,1
2021-01-30,553.7580189138835,0,0
2021-01-31,539.3030284943289,0,0
2021-02-01,513.0734331665043,0,0
2021-02-02,506.75262897700463,0,1
2021-02-03,369.7917831325162,0,0
2021-02-04,464.95066715006215,0,0
2021-02-05,494.39546639572563,0,1
2021-02-06,586.6317364005936,0,0
2021-02-07,479.42350110092445,0,0
2021-02-08,362.23967073399007,0,0
2021-02-09,439.75720224664764,0,0
2021-02-10,468.1255173932909,0,0
2021-02-11,441.08120355512943,0,0
2021-02-12,428.06319545285504,0,0
2021-02-13,570.1451230727467,0,0
2021-02-14,590.5264248043454,0,1
2021-02-15,401.9817332053964,0,0
2021-02-16,487.4307254129712,0,1
2021-02-17,493.6869541613043,0,0
2021-02-18,605.2153136973213,0,1
2021-02-19,355.61604511199937,0,0
2021-02-20,611.4700240890843,0,0
2021-02-21,577.5284118616469,0,0
2021-02-22,465.3579869066537,0,1
2021-02-23,480.4549368954189,0,0
2021-02-24,502.9921880124177,0,0
2021-02-25,499.5946212935782,0,0
2021-02-26,562.4571257047984,0,1
2021-02-27,590.7970744617681,0,0
2021-02-28,624.4586913823578,0,0
2021-03-01,508.3262211761824,0,0
2021-03-02,554.9410104921537,0,1
2021-03-03,453.6180137365739,0,0
2021-03-04,409.281881686275,0,0
2021-03-05,406.49981586160254,0,0
2021-03-06,658.66135073946,0,0
2021-03-07,687.5849125207786,0,0
2021-03-08,467.92273461332,0,0
2021-03-09,523.4622288263487,0,0
2021-03-10,493.14127401465106,0,0
2021-03-11,444.5884479842375,0,0
2021-03-12,496.70977831293123,0,0
2021-03-13,707.3475101628866,0,0
2021-03-14,630.4697042742838,0,0
2021-03-15,562.3176702511314,0,0
2021-03-16,354.93138386602186,0,0
2021-03-17,528.8550972485272,0,0
2021-03-18,493.9613482955508,0,0
2021-03-19,476.51484637560355,0,0
2021-03-20,647.916172036686,0,0
2021-03-21,678.6657391804897,0,1
2021-03-22,486.0884850851772,0,0
2021-03-23,516.8077339409595,0,0
2021-03-24,574.731531947547,0,0
2021-03-25,476.81223728630414,0,0
2021-03-26,464.19367513407974,0,0
2021-03-27,631.4262921193143,0,0
2021-03-28,704.1827135534312,0,0
2021-03-29,526.7507924875491,0,0
2021-03-30,485.7275130935458,0,0
2021-03-31,539.7823286396507,0,0
2021-04-01,600.338845356492,0,1
2021-04-02,566.3594765747304,0,0
2021-04-03,686.1599163546042,0,1
2021-04-04,655.3508596559197,0,0
2021-04-05,504.03008079837855,0,0
2021-04-06,452.3593509929811,0,0
2021-04-07,542.2383019495508,0,0
2021-04-08,666.1662650042222,0,1
2021-04-09,531.4730484215573,0,0
2021-04-10,804.7893631582801,0,1
2021-04-11,614.2181610966857,0,0
2021-04-12,639.8795332283364,0,1
2021-04-13,521.6004960486995,0,0
2021-04-14,500.48844129703656,0,0
2021-04-15,534.3976504486948,0,0
2021-04-16,564.5171616606531,0,0
2021-04-17,790.4691533646782,0,0
2021-04-18,706.7260525141164,0,0
2021-04-19,626.988587530703,0,1
2021-04-20,547.9237069280064,0,0
2021-04-21,457.5180063407606,0,0
2021-04-22,553.931556323046,0,0
2021-04-23,560.0590827736521,0,0
2021-04-24,831.989162934294,0,0
2021-04-25,700.9771838290532,0,0
2021-04-26,577.4289938913148,0,0
2021-04-27,562.3601866588198,0,0
2021-04-28,507.3933126388083,0,0
2021-04-29,624.686626736775,0,0
2021-04-30,606.8467862633472,0,0
2021-05-01,760.4923067738517,0,0
2021-05-02,677.1473908676985,0,0
2021-05-03,644.4175702541298,0,0
2021-05-04,505.83099153674715,0,0
2021-05-05,732.2390469489355,0,1
2021-05-06,688.6897732792338,0,0
2021-05-07,658.1293585271354,0,1
2021-05-08,704.0288082804423,0,0
2021-05-09,738.8885408499799,0,0
2021-05-10,560.2765386076434,0,0
2021-05-11,625.2972174761267,0,1
2021-05-12,591.9117717634392,0,0
2021-05-13,663.468193119731,0,1
2021-05-14,749.7122036694482,0,1
2021-05-15,696.9179882204235,0,0
2021-05-16,821.8144159367067,0,0
2021-05-17,556.5628916922667,0,0
2021-05-18,581.0093429842248,0,0
2021-05-19,750.5141986491997,0,1
2021-05-20,597.1389841145085,0,1
2021-05-21,612.5164780460668,0,0
2021-05-22,817.7999849092196,0,0
2021-05-23,673.3453335908736,0,0
2021-05-24,614.2047944877298,0,0
2021-05-25,717.9602693023307,0,1
2021-05-26,646.5010697174023,0,0
2021-05-27,546.7449951704358,0,0
2021-05-28,543.7280354672585,0,0
2021-05-29,786.9817215631342,0,0
2021-05-30,776.8428140679443,0,0
2021-05-31,625.6020455808859,0,0
2021-06-01,631.4582547411511,0,0
2021-06-02,581.1674084686553,0,0
2021-06-03,685.5531703637577,0,1
2021-06-04,631.8099462078534,0,0
2021-06-05,732.3931487080465,0,0
2021-06-06,862.327240158809,0,0
2021-06-07,643.6311328115835,0,0
2021-06-08,561.24824843714,0,0
2021-06-09,654.4877998329778,0,0
2021-06-10,573.7452948444765,0,0
2021-06-11,662.6252417560903,0,0
2021-06-12,831.9646175851611,0,0
2021-06-13,733.7365714694188,0,0
2021-06-14,764.4015035153358,0,1
2021-06-15,646.7968491336403,0,0
2021-06-16,667.9117747461797,0,0
2021-06-17,722.2707962389588,0,0
2021-06-18,615.7554078134934,0,0
2021-06-19,740.9028363066444,0,0
2021-06-20,734.6498051581777,0,0
2021-06-21,679.5524900014324,0,1
2021-06-22,626.254949134731,0,0
2021-06-23,647.6160758106294,0,0
2021-06-24,644.8121439856803,0,0
2021-06-25,672.7265078811595,0,0
2021-06-26,782.3777345775733,0,0
2021-06-27,854.7351389490876,0,0
2021-06-28,619.1268452404983,0,0
2021-06-29,825.2408030654284,0,1
2021-06-30,664.1567964074916,0,0
2021-07-01,590.2279976154925,0,0
2021-07-02,579.724065889741,0,0
2021-07-03,807.5454958508702,0,0
2021-07-04,772.3722978380804,0,0
2021-07-05,669.3394191024304,0,0
2021-07-06,657.3656545283085,0,0
2021-07-07,714.9792166691716,0,1
2021-07-08,591.4042591603073,0,0
2021-07-09,557.9774731322354,0,0
2021-07-10,822.4404004059066,0,1
2021-07-11,826.4034660949188,0,0
2021-07-12,644.1761650299408,0,0
2021-07-13,571.0433409031232,0,0
2021-07-14,641.8190747293266,0,0
2021-07-15,652.2266972253075,0,0
2021-07-16,719.3634416353354,0,1
2021-07-17,790.16229809492,0,0
2021-07-18,785.1011454732836,0,0
2021-07-19,574.7284165354935,0,0
2021-07-20,649.4242235945464,0,0
2021-07-21,659.2038638563107,0,0
2021-07-22,684.9190033438192,0,0
2021-07-23,827.7993438831024,0,1
2021-07-24,711.0033420454793,0,0
2021-07-25,732.5144930565436,0,0
2021-07-26,654.6492025944344,0,0
2021-07-27,654.0513953281688,0,0
2021-07-28,653.5523178186343,0,0
2021-07-29,819.8477416826023,0,0
2021-07-30,655.1405528931322,0,0
2021-07-31,832.7330325895164,0,0
2021-08-01,822.9876691868491,0,0
2021-08-02,657.1643330877486,0,0
2021-08-03,665.3447638719078,0,1
2021-08-04,661.081733191779,0,0
2021-08-05,583.7238649924,0,0
2021-08-06,609.7314906881255,0,0
2021-08-07,891.9987904900177,0,1
2021-08-08,876.2658672629252,0,1
2021-08-09,734.7828123445158,0,0
2021-08-10,604.7552166474405,0,1
2021-08-11,651.5639005895094,0,0
2021-08-12,535.6813623450432,0,0
2021-08-13,591.764440551412,0,0
2021-08-14,818.8303922199639,0,0
2021-08-15,766.5969864768869,0,0
2021-08-16,616.1607223808146,0,1
2021-08-17,575.5543383763963,0,0
2021-08-18,644.2365462453923,0,0
2021-08-19,572.6551961635837,0,0
2021-08-20,618.893435298081,0,0
2021-08-21,759.2265660238129,0,0
2021-08-22,723.2263018006012,0,0
2021-08-23,711.8431382111638,0,0
2021-08-24,735.2255936629645,0,1
2021-08-25,501.0134392851045,0,0
2021-08-26,610.3791168817612,0,0
2021-08-27,566.7358040336794,0,0
2021-08-28,791.19883276938,0,0
2021-08-29,707.6869044640498,0,0
2021-08-30,590.2960600562835,0,0
2021-08-31,749.4383401408165,0,1
2021-09-01,636.7147579784687,0,0
2021-09-02,652.7958815641327,0,1
2021-09-03,629.0605756395969,0,1
2021-09-04,715.66312994894,0,0
2021-09-05,762.6683087523696,0,1
2021-09-06,674.9387812018516,0,0
2021-09-07,695.8117190055635,0,1
2021-09-08,520.8285634324,0,0
2021-09-09,707.8810535862362,0,1
2021-09-10,760.3804575168255,0,1
2021-09-11,859.3228760022035,0,1
2021-09-12,652.185731109656,0,0
2021-09-13,552.4881930251902,0,0
2021-09-14,638.5822074488575,0,0
2021-09-15,538.3815038531943,0,0
2021-09-16,594.4763397701992,0,0
2021-09-17,609.5300189594037,0,0
2021-09-18,672.9577921481348,0,0
2021-09-19,845.1758700835377,0,1
2021-09-20,404.23409156267996,0,0
2021-09-21,656.4890246035384,0,1
2021-09-22,550.6403863781527,0,0
2021-09-23,589.8686504777693,0,1
2021-09-24,782.4540101957068,0,1
2021-09-25,637.1866451580709,0,0
2021-09-26,685.1599307374984,0,0
2021-09-27,562.1652047050316,0,0
2021-09-28,626.1559495378342,0,0
2021-09-29,480.761884534494,0,0
2021-09-30,609.174994180514,0,0
2021-10-01,549.9898915431099,0,0
2021-10-02,648.8643653822253,0,0
2021-10-03,719.5071686586809,0,0
2021-10-04,554.818324159838,0,0
2021-10-05,513.3194968999674,0,0
2021-10-06,627.4371824753898,0,1
2021-10-07,521.0016699511904,0,0
2021-10-08,642.0599393254473,0,1
2021-10-09,720.3236193780227,0,0
2021-10-10,764.9988328271186,0,0
2021-10-11,472.2928219031693,0,0
2021-10-12,639.3260717788748,0,0
2021-10-13,433.56652202720437,0,0
2021-10-14,522.0843686535163,0,0
2021-10-15,557.5988954272495,0,0
2021-10-16,690.7492363488759,0,0
2021-10-17,644.0889647248176,0,0
2021-10-18,513.3503073008856,0,0
2021-10-19,497.6475225681377,0,0
2021-10-20,491.37963777665544,0,0
2021-10-21,561.8879273858197,0,0
2021-10-22,535.8286652229837,0,0
2021-10-23,704.5159787040543,0,1
2021-10-24,710.1302943396075,0,0
2021-10-25,529.1185640853445,0,0
2021-10-26,667.0595993139272,0,1
2021-10-27,542.4781104910679,0,0
2021-10-28,468.1876360076494,0,0
2021-10-29,480.2824485778248,0,0
2021-10-30,694.3241437400047,0,0
2021-10-31,686.1602373974085,0,0
2021-11-01,503.29364746189356,0,0
2021-11-02,508.91728203063525,0,0
2021-11-03,565.6619618097463,0,0
2021-11-04,618.8421128523981,0,1
2021-11-05,636.9870791925641,0,1
2021-11-06,637.9504951708615,0,0
2021-11-07,635.9706089099303,0,0
2021-11-08,550.6057783408601,0,0
2021-11-09,535.7681513757398,0,0
2021-11-10,534.021746176232,0,0
2021-11-11,557.488062707688,0,0
2021-11-12,577.932897990897,0,1
2021-11-13,674.1058223109019,0,0
2021-11-14,623.4217913533428,0,0
2021-11-15,504.0908535713089,0,0
2021-11-16,480.3436073976122,0,0
2021-11-17,605.4717044486147,0,1
2021-11-18,514.6089453048074,0,0
2021-11-19,442.97287050763185,0,0
2021-11-20,737.5582980644479,0,0
2021-11-21,581.7156479778407,0,0
2021-11-22,420.4075498521393,0,0
2021-11-23,538.1461889955108,0,0
2021-11-24,518.9709600870767,0,0
2021-11-25,509.76481843048794,0,0
2021-11-26,909.1712271726504,1,0
2021-11-27,626.3611518154792,0,0
2021-11-28,581.355010688402,0,0
2021-11-29,479.2771741542172,0,0
2021-11-30,440.9233265466468,0,0
2021-12-01,585.1494446504068,0,1
2021-12-02,604.9601749054758,0,1
2021-12-03,531.8524328655659,0,1
2021-12-04,606.1476234025362,0,0
2021-12-05,642.2879947941943,0,0
2021-12-06,442.9064144759424,0,0
2021-12-07,429.45977260153103,0,0
2021-12-08,577.1954164575824,0,1
2021-12-09,481.85703933468,0,0
2021-12-10,443.82171357617983,0,0
2021-12-11,595.2048356003403,0,0
2021-12-12,629.9750195493053,0,0
2021-12-13,395.612138697615,0,0
2021-12-14,397.31522114767927,0,0
2021-12-15,431.4666252504643,0,0
2021-12-16,456.44542046887074,0,0
2021-12-17,482.4207478630859,0,0
2021-12-18,690.4295477497288,0,0
2021-12-19,767.9464574932222,0,1
2021-12-20,570.8027200349194,0,1
2021-12-21,465.2438151267001,0,0
2021-12-22,415.97071675567025,0,0
2021-12-23,465.1033648975787,0,0
2021-12-24,851.5572780751295,1,0
2021-12-25,632.1167436491528,0,0
2021-12-26,631.8169289314646,0,1
2021-12-27,492.0178235177803,0,0
2021-12-28,661.0283298364916,0,1
2021-12-29,460.8004115525468,0,0
2021-12-30,486.4623765898856,0,0
2021-12-31,501.0519893478957,0,0
2022-01-01,670.8745656351796,0,1
2022-01-02,628.1743044918703,0,0
2022-01-03,467.8561742420521,0,0
2022-01-04,472.3968255850828,0,0
2022-01-05,429.1785598585557,0,0
2022-01-06,469.4001086230748,0,0
2022-01-07,493.4495395742681,0,0
2022-01-08,691.5112477907894,0,0
2022-01-09,667.3514027086402,0,0
2022-01-10,577.5100555272112,0,0
2022-01-11,431.9758199525269,0,0
2022-01-12,514.4805978795619,0,0
2022-01-13,480.5820364579074,0,0
2022-01-14,581.4843462257878,0,0
2022-01-15,582.187324481404,0,0
2022-01-16,702.6480988623844,0,1
2022-01-17,443.93449971496403,0,0
2022-01-18,368.402922390629,0,0
2022-01-19,449.03175514400334,0,0
2022-01-20,438.11273206316935,0,0
2022-01-21,484.36680664112447,0,0
2022-01-22,644.7403852536594,0,0
2022-01-23,722.2941300383543,0,0
2022-01-24,526.8671214006725,0,0
2022-01-25,451.3882271575182,0,0
2022-01-26,436.2270870504723,0,0
2022-01-27,506.6849033109682,0,0
2022-01-28,417.04489723961257,0,0
2022-01-29,725.6233649231773,0,0
2022-01-30,694.0423175584417,0,0
2022-01-31,594.9106610578134,0,1
2022-02-01,401.5304026053435,0,0
2022-02-02,555.9771614993006,0,0
2022-02-03,483.6779424365102,0,0
2022-02-04,552.4418422624058,0,0
2022-02-05,562.000150305438,0,0
2022-02-06,612.9474106214973,0,0
2022-02-07,494.3967973996523,0,0
2022-02-08,497.72560798597874,0,0
2022-02-09,474.1384719980592,0,0
2022-02-10,529.0722901297253,0,0
2022-02-11,445.8593731453312,0,0
2022-02-12,773.8500911952844,0,1
2022-02-13,657.942694556636,0,0
2022-02-14,529.026083903029,0,0
2022-02-15,645.5323893891953,0,1
2022-02-16,449.88766810117676,0,0
2022-02-17,430.8527394324074,0,0
2022-02-18,572.9010435288442,0,0
2022-02-19,779.1283478290206,0,1
2022-02-20,624.5691039103468,0,0
2022-02-21,591.0677297774188,0,0
2022-02-22,520.8290952440776,0,0
2022-02-23,639.8511829093379,0,1
2022-02-24,521.5457410769557,0,0
2022-02-25,622.7956167006976,0,0
2022-02-26,759.1305635387226,0,0
2022-02-27,660.5370909492051,0,0
2022-02-28,573.2016724787273,0,0
2022-03-01,686.0799824584653,0,1
2022-03-02,596.3767754941262,0,0
2022-03-03,481.3823946595896,0,0
2022-03-04,565.6288085053283,0,0
2022-03-05,813.099914571617,0,1
2022-03-06,596.8256904174243,0,0
2022-03-07,477.33759057777866,0,0
2022-03-08,535.9587792049563,0,1
2022-03-09,604.9702566211013,0,1
2022-03-10,641.0470269708668,0,1
2022-03-11,731.6456631272987,0,1
2022-03-12,699.0723421773293,0,0
2022-03-13,778.6040642369827,0,0
2022-03-14,479.9835384378668,0,0
2022-03-15,521.0771740937938,0,1
2022-03-16,549.868859244508,0,0
2022-03-17,573.6908495955613,0,0
2022-03-18,554.7018625977676,0,0
2022-03-19,604.8207140157331,0,0
2022-03-20,705.5997363531014,0,0
2022-03-21,621.56590847183,0,1
2022-03-22,679.0419915634964,0,1
2022-03-23,584.0096227890446,0,0
2022-03-24,520.5704455129334,0,0
2022-03-25,543.7600074519818,0,0
2022-03-26,668.3852843031216,0,0
2022-03-27,770.1212638541612,0,1
2022-03-28,622.8973288122194,0,0
2022-03-29,527.7545398066177,0,0
2022-03-30,705.258368100343,0,1
2022-03-31,554.3336811841908,0,0
2022-04-01,543.1069917601834,0,0
2022-04-02,729.3033141691881,0,0
2022-04-03,684.7965322796271,0,0
2022-04-04,560.779106837279,0,0
2022-04-05,530.469198944374,0,0
2022-04-06,690.4989601642365,0,0
2022-04-07,650.6082616664987,0,1
2022-04-08,561.0678792582755,0,0
2022-04-09,758.6439762449753,0,0
2022-04-10,744.2154627612583,0,0
2022-04-11,590.6658233413752,0,0
2022-04-12,634.3001262922536,0,0
2022-04-13,643.3392124962331,0,0
2022-04-14,580.8048524964212,0,0
2022-04-15,658.0155849006811,0,1
2022-04-16,747.289639081174,0,0
2022-04-17,647.7914051862024,0,0
2022-04-18,659.6628626269984,0,1
2022-04-19,684.8973577555371,0,0
2022-04-20,700.6219935102088,0,0
2022-04-21,607.7323702467237,0,0
2022-04-22,650.812703367125,0,0
2022-04-23,789.3376851226076,0,0
2022-04-24,929.4987028516215,0,0
2022-04-25,683.3015827586681,0,0
2022-04-26,622.6833523194258,0,0
2022-04-27,583.0463582328907,0,0
2022-04-28,552.2325036257362,0,0
2022-04-29,644.4462729232151,0,0
2022-04-30,748.1602024836233,0,0
2022-05-01,716.5556290606456,0,0
2022-05-02,663.2846866763257,0,1
2022-05-03,586.9280596454352,0,0
2022-05-04,727.0082315488193,0,0
2022-05-05,688.3629929995276,0,0
2022-05-06,645.495965041734,0,0
2022-05-07,1005.4225578718372,0,1
2022-05-08,853.3217075276501,0,1
2022-05-09,607.5693676480148,0,0
2022-05-10,728.334130295766,0,0
2022-05-11,680.6494447654907,0,0
2022-05-12,678.0313073458353,0,1
2022-05-13,647.1824567411272,0,0
2022-05-14,764.387130619508,0,0
2022-05-15,740.4768185027268,0,0
2022-05-16,707.3541781812418,0,0
2022-05-17,757.9239934514151,0,0
2022-05-18,593.9116452223816,0,0
2022-05-19,693.3539933103289,0,0
2022-05-20,634.017205201977,0,0
2022-05-21,793.5148172464556,0,0
2022-05-22,789.5507561019846,0,0
2022-05-23,627.2475619537742,0,0
2022-05-24,674.126788077186,0,0
2022-05-25,631.3834479214667,0,0
2022-05-26,687.6603725363586,0,0
2022-05-27,672.8082303607131,0,0
2022-05-28,814.5310688969818,0,0
2022-05-29,782.2340652990393,0,0
2022-05-30,649.8826189966983,0,0
2022-05-31,841.664975088917,0,1
2022-06-01,705.9093087663514,0,0
2022-06-02,714.6455023994129,0,1
2022-06-03,687.8697724288381,0,0
2022-06-04,871.4532838303387,0,0
2022-06-05,751.3680606721263,0,0
2022-06-06,712.9341293393978,0,0
2022-06-07,653.5359039375318,0,0
2022-06-08,716.0709618457603,0,0
2022-06-09,650.2247666929904,0,0
2022-06-10,598.9628784414465,0,0
2022-06-11,758.6214947936395,0,0
2022-06-12,843.1666910866901,0,0
2022-06-13,704.4844175919084,0,0
2022-06-14,646.9901678134861,0,0
2022-06-15,724.8150308445141,0,0
2022-06-16,610.4603687518372,0,0
2022-06-17,690.8547622927256,0,0
2022-06-18,784.2016087443441,0,0
2022-06-19,872.9146830598422,0,1
2022-06-20,784.2464572041474,0,1
2022-06-21,653.339292191774,0,0
2022-06-22,677.609862512775,0,0
2022-06-23,747.6007226493491,0,0
2022-06-24,668.860615661852,0,0
2022-06-25,889.8795561514453,0,0
2022-06-26,791.969902369627,0,0
2022-06-27,802.3155777442685,0,1
2022-06-28,771.1657230541211,0,0
2022-06-29,575.7767404343888,0,0
2022-06-30,659.7562713645475,0,0
2022-07-01,728.6670869141636,0,0
2022-07-02,839.8440266094769,0,0
2022-07-03,868.7067738761065,0,0
2022-07-04,670.0737828874119,0,0
2022-07-05,704.6964888903007,0,0
2022-07-06,826.9187068649129,0,1
2022-07-07,758.8553171068876,0,0
2022-07-08,713.1925923476182,0,0
2022-07-09,867.3275725891189,0,0
2022-07-10,911.1348867013471,0,1
2022-07-11,675.9308202939504,0,0
2022-07-12,678.5711735512795,0,0
2022-07-13,848.6737392540682,0,1
2022-07-14,818.0256239956577,0,1
2022-07-15,714.1771762025162,0,0
2022-07-16,1046.6121794532248,0,1
2022-07-17,892.7598830880581,0,0
2022-07-18,682.6171380614215,0,0
2022-07-19,758.6652326540518,0,0
2022-07-20,677.8586920448846,0,0
2022-07-21,595.9860158978363,0,0
2022-07-22,647.0897307580152,0,0
2022-07-23,753.5284477524474,0,0
2022-07-24,829.0387413600984,0,0
2022-07-25,697.0542691306073,0,0
2022-07-26,779.4469099665955,0,0
2022-07-27,711.4360715895965,0,0
2022-07-28,683.5725121817187,0,0
2022-07-29,735.4090513278707,0,0
2022-07-30,732.7668670269096,0,0
2022-07-31,995.457397990184,0,1
2022-08-01,730.5584458253672,0,0
2022-08-02,617.3930633522966,0,0
2022-08-03,747.7918858573079,0,0
2022-08-04,706.7856976606663,0,0
2022-08-05,668.3283351430684,0,0
2022-08-06,957.6709248455895,0,1
2022-08-07,951.0176951613525,0,0
2022-08-08,695.7354182316892,0,0
2022-08-09,698.1885184446872,0,0
2022-08-10,661.9214686234583,0,0
2022-08-11,641.486277716374,0,0
2022-08-12,724.5615518505681,0,0
2022-08-13,789.2844476642704,0,0
2022-08-14,834.6887793513952,0,0
2022-08-15,656.2277183026879,0,0
2022-08-16,849.4461918048239,0,1
2022-08-17,694.7302342225721,0,0
2022-08-18,728.8612611303835,0,0
2022-08-19,650.4003129255331,0,0
2022-08-20,811.3043641731437,0,0
2022-08-21,833.6663458108942,0,1
2022-08-22,650.3192612959165,0,0
2022-08-23,690.2385635159701,0,0
2022-08-24,826.7461783414439,0,1
2022-08-25,622.8899075279336,0,0
2022-08-26,810.6457063130956,0,1
2022-08-27,884.3346253311763,0,0
2022-08-28,835.9765163095839,0,0
2022-08-29,757.880337132418,0,0
2022-08-30,624.0710272932797,0,0
2022-08-31,687.9971722415426,0,1
2022-09-01,571.2185909435786,0,0
2022-09-02,733.6318748835408,0,0
2022-09-03,840.2089242217799,0,0
2022-09-04,803.358767080295,0,0
2022-09-05,668.770623279086,0,0
2022-09-06,710.390409816568,0,1
2022-09-07,774.2905092939234,0,0
2022-09-08,657.0614253667436,0,0
2022-09-09,654.6562516777778,0,0
2022-09-10,834.0501516743535,0,0
2022-09-11,820.3772297894405,0,0
2022-09-12,656.0760357401432,0,0
2022-09-13,724.2894881785003,0,1
2022-09-14,665.537672965156,0,0
2022-09-15,734.593807076715,0,0
2022-09-16,706.2839757894666,0,0
2022-09-17,917.6215797037677,0,1
2022-09-18,760.4711370243097,0,0
2022-09-19,585.0512276628401,0,0
2022-09-20,626.7357176799811,0,0
2022-09-21,634.2994520403323,0,0
2022-09-22,684.7059749901881,0,0
2022-09-23,543.8519137563442,0,0
2022-09-24,853.4274658777362,0,0
2022-09-25,767.520924245983,0,0
2022-09-26,669.2410155685264,0,1
2022-09-27,693.0551672599805,0,1
2022-09-28,538.0770566100699,0,0
2022-09-29,660.4411264103917,0,0
2022-09-30,621.4103100510162,0,0
2022-10-01,701.7077986239078,0,0
2022-10-02,699.9134644502719,0,0
2022-10-03,596.3403650998412,0,0
2022-10-04,695.0440207644641,0,0
2022-10-05,713.7169196663775,0,1
2022-10-06,533.3679655640253,0,0
2022-10-07,594.7078017088112,0,0
2022-10-08,741.8318000599522,0,0
2022-10-09,619.1003586237217,0,0
2022-10-10,599.7108538127904,0,0
2022-10-11,589.3644754529078,0,0
2022-10-12,634.2123264055623,0,0
2022-10-13,690.3463218694268,0,0
2022-10-14,652.7294800015134,0,0
2022-10-15,731.4662056941091,0,0
2022-10-16,834.7057031567385,0,1
2022-10-17,846.7233150222486,0,1
2022-10-18,738.5222174114375,0,1
2022-10-19,589.7216390155565,0,0
2022-10-20,586.3692263871957,0,0
2022-10-21,716.2937158454718,0,1
2022-10-22,727.4874754473642,0,0
2022-10-23,704.6030634603052,0,0
2022-10-24,554.5349586247554,0,0
2022-10-25,578.843529649544,0,0
2022-10-26,631.7304765804809,0,1
2022-10-27,542.0819843798591,0,0
2022-10-28,581.6865030571779,0,0
2022-10-29,712.2702448354604,0,0
2022-10-30,798.886718031806,0,0
2022-10-31,500.3573310500004,0,1
2022-11-01,625.6416748750539,0,0
2022-11-02,632.0827776089075,0,0
2022-11-03,593.0191968532413,0,1
2022-11-04,550.1157961915213,0,0
2022-11-05,697.4384623487648,0,0
2022-11-06,644.4121481754952,0,0
2022-11-07,524.6914398105775,0,0
2022-11-08,506.86574858703904,0,0
2022-11-09,648.8384612163494,0,0
2022-11-10,606.8577891524031,0,0
2022-11-11,622.5194822185094,0,0
2022-11-12,858.3274279664874,0,1
2022-11-13,650.2831903041223,0,0
2022-11-14,529.4367209878568,0,0
2022-11-15,579.0788691271129,0,0
2022-11-16,492.4719747902291,0,0
2022-11-17,588.2176882273752,0,0
2022-11-18,594.3810304832145,0,1
2022-11-19,767.8755160007534,0,1
2022-11-20,735.2145378091794,0,0
2022-11-21,716.6372692943864,0,1
2022-11-22,529.796277319402,0,0
2022-11-23,604.9347406075498,0,0
2022-11-24,492.06226412776505,0,0
2022-11-25,1076.1233276149435,1,1
2022-11-26,724.1366197266857,0,0
2022-11-27,678.2237736109554,0,0
2022-11-28,559.2519854936295,0,0
2022-11-29,479.65887254409563,0,0
2022-11-30,587.7103682014274,0,0
2022-12-01,624.8568020316316,0,1
2022-12-02,609.8085505628502,0,1
2022-12-03,741.9969640378822,0,0
2022-12-04,724.6156084773943,0,1
2022-12-05,467.9459623810651,0,0
2022-12-06,546.8595056452555,0,1
2022-12-07,567.5988950659646,0,0
2022-12-08,472.78221917303836,0,0
2022-12-09,624.076024997292,0,0
2022-12-10,668.781332668098,0,1
2022-12-11,770.3071744145882,0,0
2022-12-12,545.6510011603845,0,0
2022-12-13,529.9083052977916,0,0
2022-12-14,507.17006064488953,0,0
2022-12-15,554.0732471495196,0,0
2022-12-16,531.9636480520508,0,0
2022-12-17,794.0035708215889,0,1
2022-12-18,689.1007244541833,0,0
2022-12-19,540.7196906796931,0,0
2022-12-20,514.8682547622877,0,0
2022-12-21,656.8317123064029,0,1
2022-12-22,639.8653217413816,0,1
2022-12-23,447.2482071831969,0,0
2022-12-24,1015.3085440346808,1,0
2022-12-25,719.8716254522141,0,0
2022-12-26,541.2717725116565,0,0
2022-12-27,655.7969247885601,0,1
2022-12-28,533.7789638361223,0,0
2022-12-29,550.3451093623033,0,0
2022-12-30,506.11641158830037,0,0
2022-12-31,779.3919587230439,0,1
2023-01-01,693.2622890716324,0,0
2023-01-02,484.77864663942785,0,0
2023-01-03,554.3667971075159,0,0
2023-01-04,520.310851034445,0,1
2023-01-05,586.0144360364411,0,0
2023-01-06,558.5320791496098,0,0
2023-01-07,698.0787168465192,0,0
2023-01-08,734.816221717143,0,0
2023-01-09,619.3891887463386,0,0
2023-01-10,587.29704102137,0,0
2023-01-11,445.0270916491771,0,0
2023-01-12,473.6133228255728,0,0
2023-01-13,506.9016124050358,0,0
2023-01-14,805.7617054112887,0,1
2023-01-15,715.2127948914476,0,0
2023-01-16,600.9075225982192,0,1
2023-01-17,549.9700753298491,0,0
2023-01-18,503.55616710728316,0,0
2023-01-19,511.47122119727396,0,0
2023-01-20,472.46391541727303,0,0
2023-01-21,647.4130601305989,0,0
2023-01-22,626.7959613028148,0,0
2023-01-23,496.4195305475233,0,0
2023-01-24,736.7712982327405,0,1
2023-01-25,499.4910706178712,0,0
2023-01-26,751.0685968962351,0,1
2023-01-27,573.4824448985173,0,0
2023-01-28,709.0259688942184,0,0
2023-01-29,657.8601427402289,0,0
2023-01-30,586.8134106116569,0,0
2023-01-31,524.0616780315703,0,0
2023-02-01,560.0152249109854,0,0
2023-02-02,683.0153748232997,0,0
2023-02-03,551.3295448317386,0,0
2023-02-04,764.7422980968464,0,0
2023-02-05,791.0716371386964,0,1
2023-02-06,668.6695545884401,0,1
2023-02-07,649.4022493143486,0,0
2023-02-08,530.7558305271832,0,0
2023-02-09,653.9917785906979,0,0
2023-02-10,600.0449954039542,0,0
2023-02-11,767.3748086957607,0,1
2023-02-12,748.921206762703,0,0
2023-02-13,617.2832405712076,0,0
2023-02-14,601.1222454297813,0,0
2023-02-15,492.917917868269,0,0
2023-02-16,536.4905190206568,0,0
2023-02-17,625.5702116755605,0,1
2023-02-18,722.0231360977464,0,0
2023-02-19,758.2568679953299,0,0
2023-02-20,702.7700619513948,0,1
2023-02-21,513.4705181846175,0,0
2023-02-22,600.7828611985628,0,0
2023-02-23,613.8556199552265,0,0
2023-02-24,612.8869445218322,0,0
2023-02-25,914.3846076663923,0,1
2023-02-26,779.7872342628376,0,0
2023-02-27,694.2346418297456,0,1
2023-02-28,587.8424444769073,0,0
2023-03-01,624.4393887841561,0,1
2023-03-02,616.1537136929679,0,0
2023-03-03,696.2536479267307,0,1
2023-03-04,761.6327824840049,0,0
2023-03-05,807.2486168405425,0,1
2023-03-06,547.437442836997,0,0
2023-03-07,655.8857639965426,0,0
2023-03-08,672.9222207265692,0,1
2023-03-09,640.8158290380386,0,0
2023-03-10,748.9521020700698,0,1
2023-03-11,761.7874529269409,0,0
2023-03-12,809.0093985739705,0,0
2023-03-13,588.0986556663794,0,0
2023-03-14,620.5222553144905,0,0
2023-03-15,594.4269332628389,0,0
2023-03-16,597.6490379365531,0,0
2023-03-17,605.756576093994,0,0
2023-03-18,784.1708937029879,0,0
2023-03-19,750.982993053383,0,0
2023-03-20,689.5711497262469,0,0
2023-03-21,583.9221000923075,0,0
2023-03-22,621.1837075066449,0,0
2023-03-23,610.4207626893234,0,0
2023-03-24,785.3818938123758,0,1
2023-03-25,882.7872960388405,0,1
2023-03-26,839.6657924898308,0,0
2023-03-27,565.6913358843526,0,0
2023-03-28,711.0295264074854,0,1
2023-03-29,688.2499870233967,0,0
2023-03-30,649.784932983329,0,0
2023-03-31,700.8481859749105,0,0
2023-04-01,773.6138159871119,0,0
2023-04-02,871.8498092950249,0,0
2023-04-03,768.2311597003883,0,0
2023-04-04,698.1984704336128,0,1
2023-04-05,736.4017628938407,0,1
2023-04-06,731.6595324931321,0,0
2023-04-07,739.8661056205175,0,0
2023-04-08,863.3980260918685,0,1
2023-04-09,793.6632449723013,0,0
2023-04-10,652.4702399216044,0,0
2023-04-11,601.2193828851525,0,0
2023-04-12,757.9348216589219,0,1
2023-04-13,621.9843937750944,0,0
2023-04-14,687.1369756060665,0,1
2023-04-15,912.0923067675097,0,1
2023-04-16,839.4805656844121,0,0
2023-04-17,757.1400931825153,0,0
2023-04-18,631.5346700732449,0,0
2023-04-19,732.49736942597,0,0
2023-04-20,674.4017707426991,0,0
2023-04-21,684.4385918607511,0,0
2023-04-22,872.4534349414969,0,0
2023-04-23,868.101236113055,0,1
2023-04-24,711.4027548568922,0,0
2023-04-25,702.3730527164221,0,0
2023-04-26,720.4294002127015,0,0
2023-04-27,712.0094175771328,0,0
2023-04-28,822.0474317529895,0,0
2023-04-29,819.1136970361181,0,0
2023-04-30,826.1554971165776,0,0
2023-05-01,673.2388933381212,0,0
2023-05-02,678.2981178870826,0,0
2023-05-03,675.8637085796589,0,0
2023-05-04,768.8295814693987,0,0
2023-05-05,833.9665857621378,0,1
2023-05-06,834.0848875389212,0,0
2023-05-07,822.6013281553544,0,0
2023-05-08,739.369682817561,0,0
2023-05-09,689.7500306192093,0,0
2023-05-10,750.5521224388888,0,0
2023-05-11,730.5776987426526,0,0
2023-05-12,646.1516275109361,0,0
2023-05-13,950.8022558306408,0,0
2023-05-14,964.6895320623519,0,0
2023-05-15,695.7049756455544,0,0
2023-05-16,708.3878279266905,0,0
2023-05-17,805.9108759830348,0,1
2023-05-18,747.2904685315199,0,0
2023-05-19,764.8603502282718,0,0
2023-05-20,983.7871657152158,0,0
2023-05-21,875.7513301788179,0,0
2023-05-22,695.9831952058354,0,0
2023-05-23,668.2087441558685,0,0
2023-05-24,701.8818098016787,0,0
2023-05-25,738.0022102171588,0,0
2023-05-26,830.593029542086,0,0
2023-05-27,866.1671760001914,0,0
2023-05-28,904.3954739410772,0,0
2023-05-29,743.5187087163116,0,0
2023-05-30,804.8684543163491,0,0
2023-05-31,964.2435020867968,0,1
2023-06-01,721.0476158579462,0,0
2023-06-02,724.1518826593286,0,0
2023-06-03,951.8388061296605,0,0
2023-06-04,1033.9925657066394,0,1
2023-06-05,843.9012961338265,0,0
2023-06-06,781.6901341055294,0,0
2023-06-07,735.4300924643011,0,0
2023-06-08,783.8013750695477,0,0
2023-06-09,810.5505086680917,0,0
2023-06-10,946.9586976533707,0,0
2023-06-11,1022.5188980874793,0,1
2023-06-12,810.8237833519088,0,0
2023-06-13,816.6906771469479,0,0
2023-06-14,931.1353215806222,0,1
2023-06-15,792.0485074039576,0,0
2023-06-16,751.9080729682724,0,0
2023-06-17,918.2220416655875,0,0
2023-06-18,971.8054721767148,0,0
2023-06-19,721.1980712128171,0,0
2023-06-20,890.5275698113271,0,1
2023-06-21,743.4206249584336,0,0
2023-06-22,765.002485989837,0,0
2023-06-23,827.936280437822,0,0
2023-06-24,974.9801497706183,0,1
2023-06-25,1013.553899020176,0,1
2023-06-26,843.5399672611007,0,1
2023-06-27,802.8263236302429,0,0
2023-06-28,798.0891061971098,0,0
2023-06-29,874.2493067248562,0,0
2023-06-30,750.9397275092512,0,0
2023-07-01,927.4986020571637,0,0
2023-07-02,929.1930852159943,0,0
2023-07-03,845.7497493145448,0,0
2023-07-04,762.2358707226853,0,0
2023-07-05,781.0456809240027,0,0
2023-07-06,797.5538090231182,0,0
2023-07-07,776.5242753005452,0,0
2023-07-08,894.877474573861,0,0
2023-07-09,926.8795442491039,0,0
2023-07-10,820.8031358607747,0,0
2023-07-11,715.7129716458521,0,0
2023-07-12,773.5751717684342,0,0
2023-07-13,731.779449329424,0,0
2023-07-14,928.2707981336245,0,1
2023-07-15,840.2566932373368,0,0
2023-07-16,888.2419103185505,0,0
2023-07-17,784.7918467885295,0,0
2023-07-18,843.9221212503606,0,0
2023-07-19,762.0446286110353,0,0
2023-07-20,737.2300894801323,0,0
2023-07-21,976.4319279934837,0,1
2023-07-22,841.8209564019031,0,0
2023-07-23,885.0417368832543,0,1
2023-07-24,785.3427431836603,0,0
2023-07-25,737.7582440723291,0,0
2023-07-26,838.6901464304021,0,1
2023-07-27,797.235130385186,0,0
2023-07-28,773.445179429552,0,0
2023-07-29,882.4624458506897,0,0
2023-07-30,846.0360176625891,0,0
2023-07-31,803.0328272321537,0,0
2023-08-01,791.252850147782,0,0
2023-08-02,753.0911875711495,0,0
2023-08-03,849.6636386181747,0,0
2023-08-04,703.0842440884679,0,0
2023-08-05,829.5440774107016,0,0
2023-08-06,870.4322277687238,0,0
2023-08-07,751.9313565721878,0,0
2023-08-08,765.536683063729,0,0
2023-08-09,740.443291355684,0,0
2023-08-10,896.5120367326268,0,1
2023-08-11,688.1291300989215,0,0
2023-08-12,971.9605963458488,0,0
2023-08-13,894.7086851589154,0,0
2023-08-14,803.7028641886619,0,0
2023-08-15,763.9744630786589,0,0
2023-08-16,768.6546249450126,0,0
2023-08-17,773.2630980886648,0,0
2023-08-18,766.0972970371843,0,0
2023-08-19,1026.8944807458915,0,1
2023-08-20,1105.584724891185,0,1
2023-08-21,812.7842642276211,0,1
2023-08-22,774.7117172979775,0,0
2023-08-23,733.6143592681962,0,0
2023-08-24,808.9282867501556,0,0
2023-08-25,701.9061637526814,0,0
2023-08-26,974.5586330264905,0,0
2023-08-27,881.2724399775416,0,0
2023-08-28,660.4936211613265,0,0
2023-08-29,737.1733723688842,0,0
2023-08-30,695.4355094935443,0,0
2023-08-31,770.224809429815,0,0
2023-09-01,694.251009542503,0,0
2023-09-02,904.9428592561306,0,1
2023-09-03,779.7412099756305,0,0
2023-09-04,700.2502897821939,0,0
2023-09-05,600.305830750477,0,0
2023-09-06,640.9261382511706,0,0
2023-09-07,756.7512482391269,0,0
2023-09-08,756.6179793193537,0,0
2023-09-09,887.1869951556114,0,0
2023-09-10,816.1406184417882,0,0
2023-09-11,710.6688055143359,0,0
2023-09-12,711.4293126904882,0,0
2023-09-13,652.2368724465357,0,0
2023-09-14,783.8617753155438,0,0
2023-09-15,751.088301900577,0,0
2023-09-16,971.7081910847741,0,1
2023-09-17,855.5978184753234,0,0
2023-09-18,713.1786663620766,0,0
2023-09-19,599.1723303733846,0,0
2023-09-20,687.3937996777637,0,0
2023-09-21,664.1415991448376,0,0
2023-09-22,646.6430036907249,0,0
2023-09-23,961.8632894531055,0,1
2023-09-24,933.5618813660116,0,0
2023-09-25,724.1910673571131,0,0
2023-09-26,662.0584158208676,0,0
2023-09-27,717.7125251461949,0,0
2023-09-28,757.5152671514884,0,0
2023-09-29,732.2418864767644,0,0
2023-09-30,837.4535353064346,0,0
2023-10-01,800.5866098445119,0,0
2023-10-02,716.3061738529622,0,0
2023-10-03,761.5521973663226,0,1
2023-10-04,723.080210620211,0,0
2023-10-05,785.1024243755262,0,1
2023-10-06,727.7303541047273,0,0
2023-10-07,848.7160357905728,0,1
2023-10-08,888.065286947882,0,0
2023-10-09,759.8831372023068,0,1
2023-10-10,900.2304332806414,0,1
2023-10-11,633.1794161776933,0,0
2023-10-12,854.7238562132418,0,1
2023-10-13,674.521661414122,0,0
2023-10-14,780.557933462233,0,0
2023-10-15,787.4439536379646,0,0
2023-10-16,644.1374877900682,0,0
2023-10-17,679.887448273603,0,0
2023-10-18,683.3534044581843,0,0
2023-10-19,627.0677793418104,0,0
2023-10-20,653.0853562484767,0,0
2023-10-21,994.7861100198503,0,1
2023-10-22,887.8102596674269,0,0
2023-10-23,671.8299524068485,0,0
2023-10-24,650.5056847140149,0,0
2023-10-25,653.2103646150871,0,0
2023-10-26,676.4999980285756,0,0
2023-10-27,593.312250372627,0,0
2023-10-28,780.2237699202458,0,0
2023-10-29,795.4914366220867,0,1
2023-10-30,660.3758298517655,0,0
2023-10-31,671.4567313485325,0,0
2023-11-01,613.6346142827922,0,0
2023-11-02,715.2054612673577,0,0
2023-11-03,573.945644107868,0,0
2023-11-04,710.7590370038777,0,0
2023-11-05,793.9607016953829,0,0
2023-11-06,683.870253160824,0,0
2023-11-07,764.6416264533916,0,1
2023-11-08,686.1579855922371,0,1
2023-11-09,681.886585835563,0,0
2023-11-10,624.8760511388247,0,0
2023-11-11,767.0379675905905,0,0
2023-11-12,818.7395046098977,0,0
2023-11-13,656.0795279044848,0,0
2023-11-14,543.5707315714629,0,0
2023-11-15,695.1647636708417,0,0
2023-11-16,689.3105380610289,0,0
2023-11-17,588.0172367621093,0,0
2023-11-18,902.7423551062852,0,1
2023-11-19,939.4600686027381,0,1
2023-11-20,629.4278328090302,0,0
2023-11-21,587.9564695982148,0,0
2023-11-22,715.6971050306731,0,1
2023-11-23,612.418152008595,0,0
2023-11-24,1071.479486589558,1,0
2023-11-25,789.1940455452619,0,0
2023-11-26,742.6784453427912,0,0
2023-11-27,649.0136362279021,0,0
2023-11-28,519.6053049334026,0,1
2023-11-29,806.2365019682798,0,1
2023-11-30,521.2509334210073,0,0
2023-12-01,589.434553300484,0,0
2023-12-02,829.2386927902583,0,1
2023-12-03,691.5400340788225,0,0
2023-12-04,791.7510774488698,0,1
2023-12-05,581.7115722524785,0,0
2023-12-06,621.8730464403369,0,0
2023-12-07,601.6799736735534,0,0
2023-12-08,627.3833332778387,0,0
2023-12-09,756.9050155699166,0,0
2023-12-10,688.4744713729679,0,0
2023-12-11,652.0253020912733,0,0
2023-12-12,577.1399037610179,0,0
2023-12-13,523.6424710771537,0,0
2023-12-14,675.5374379562286,0,1
2023-12-15,765.6825653779118,0,1
2023-12-16,793.0840753977977,0,0
2023-12-17,813.189545983772,0,1
2023-12-18,582.6540619239897,0,0
2023-12-19,583.85045516456,0,0
2023-12-20,760.1833555652893,0,1
2023-12-21,618.746608371072,0,0
2023-12-22,621.0544775847742,0,0
2023-12-23,873.8219409858201,0,1
2023-12-24,1161.384878210122,1,0
2023-12-25,661.1442820766755,0,1
2023-12-26,688.0463202408607,0,1
2023-12-27,595.9256450726784,0,0
2023-12-28,722.4682011358599,0,1
2023-12-29,636.0751063948985,0,0
2023-12-30,752.4292950129634,0,0
2023-12-31,786.6320038607789,0,0
